{
  "SPY": 0.0,
  "QQQ": 0.0,
  "GLD": 0.0074439724030923625,
  "SLV": 0.0,
  "BND": 0.5970438247714361,
  "SCHD": 0.015206343713641145,
  "SCHP": 0.38030585911183035,
  "TLT": 0.0
}