{
  "VOO": 0.0,
  "QQQ": 0.0,
  "GLD": 0.02142709829403197,
  "SLV": 0.0,
  "BND": 0.5654954075879516,
  "SCHD": 0.06370900825732581,
  "SCHP": 0.3493684858606906,
  "TLT": 0.0
}