{
  "risk_budgeting_method": "risk_budget_by_asset",
  "optimizer_name": "risk_budget_by_asset",
  "solver": "spinu_ccd",
  "covariance_method": "ledoit_wolf_monthly",
  "preset_used": "balanced",
  "manual_override_used": true,
  "target_risk_budgets": {
    "SPY": 0.1,
    "QQQ": 0.13,
    "GLD": 0.09,
    "SLV": 0.09,
    "BND": 0.16,
    "SCHD": 0.17,
    "SCHP": 0.13,
    "TLT": 0.13
  },
  "realized_risk_contributions": {
    "BND": 0.16000000000006143,
    "GLD": 0.09000000000001035,
    "QQQ": 0.13000000000002446,
    "SCHD": 0.16999999999998047,
    "SCHP": 0.12999999999997192,
    "SLV": 0.08999999999998273,
    "SPY": 0.0999999999999855,
    "TLT": 0.12999999999998313
  },
  "risk_budget_tracking_error": 6.395308647543359e-27,
  "max_budget_deviation": 6.106226635438361e-14,
  "excluded_missing_asset_class": [],
  "taxonomy_universe_files": [
    "config/etf_universe.yml",
    "config/stock_universe.yml"
  ],
  "solver_status": "OK",
  "solver_success": true,
  "fallback_used": false,
  "universe_eligible": [
    "SPY",
    "QQQ",
    "GLD",
    "SLV",
    "BND",
    "SCHD",
    "SCHP",
    "TLT"
  ],
  "universe_coverage": {
    "SPY": 1.0,
    "QQQ": 1.0,
    "GLD": 1.0,
    "SLV": 1.0,
    "BND": 1.0,
    "SCHD": 1.0,
    "SCHP": 1.0,
    "TLT": 1.0
  },
  "spinu_converged": true,
  "spinu_iterations": 14,
  "cov_psd_repaired": false,
  "eligible_universe": [
    "BND",
    "GLD",
    "QQQ",
    "SCHD",
    "SCHP",
    "SLV",
    "SPY",
    "TLT"
  ],
  "final_weights": {
    "BND": 0.2655308985864003,
    "GLD": 0.08291032468187752,
    "QQQ": 0.07642453607873922,
    "SCHD": 0.1288655417081059,
    "SCHP": 0.2230721620000407,
    "SLV": 0.040774469235426575,
    "SPY": 0.06835460512782199,
    "TLT": 0.11406746258158772
  }
}