{
  "portfolio_type": "Risk Budget by Asset Portfolio",
  "status": "OK",
  "solver": "spinu_ccd",
  "fallback_used": false,
  "max_budget_deviation": 6.106226635438361e-14,
  "risk_budget_tracking_error": 6.395308647543359e-27,
  "metrics_10y": {
    "window_months": 120,
    "cagr": 0.0720883586375558,
    "vol_annual": 0.07748383429140794,
    "sharpe": 0.6483574801407948,
    "sortino": 1.0025410765103373,
    "beta_portfolio": 0.38835724095526253,
    "treynor": 0.1293582770061221,
    "max_drawdown": -0.18030020286215775,
    "ttr_months": 31.0,
    "recovered": true
  },
  "stress_status": "DIAG_PASS_WITH_WARNING",
  "stress_fail_reason": null,
  "portfolio_valid": true
}