{
  "SPY": 0.06835460512782199,
  "QQQ": 0.07642453607873922,
  "GLD": 0.08291032468187752,
  "SLV": 0.040774469235426575,
  "BND": 0.2655308985864003,
  "SCHD": 0.1288655417081059,
  "SCHP": 0.2230721620000407,
  "TLT": 0.11406746258158772
}