{
  "VOO": 0.027229762209767215,
  "VT": 0.026674986532431846,
  "QQQ": 0.02479057826293331,
  "SMH": 0.017987562987503515,
  "VGK": 0.025060170292455636,
  "BBJP": 0.03320811996224795,
  "VWO": 0.03068067700946372,
  "VDC": 0.042200569812276156,
  "ITA": 0.023672021028693396,
  "CIBR": 0.02824011778582482,
  "ROBO": 0.019458922496529227,
  "SCHD": 0.030142485763865346,
  "COPX": 0.01468037561178134,
  "URA": 0.018920318012009513,
  "SLV": 0.02399502135945418,
  "GLD": 0.05898694980504406,
  "SCHP": 0.09976108747720573,
  "BIL": 0.3495781502449963,
  "BND": 0.10473212334551674
}