{
  "VOO": 0.06782255271902339,
  "VT": 0.054432601227133524,
  "QQQ": 0.05168744913199802,
  "SMH": 0.02061780009953426,
  "VGK": 0.046046041092706186,
  "BBJP": 0.04265784417269642,
  "VWO": 0.03961578054421398,
  "VDC": 0.058838687582954116,
  "ARMY.PA": 0.011459737303280463,
  "ITA": 0.027893587639121656,
  "CIBR": 0.03833968718598045,
  "ROBO": 0.0490312860362846,
  "SCHD": 0.05216611092066244,
  "COPX": 0.015367652958477083,
  "URA": 0.008048746896993255,
  "SLV": 0.05430083135653119,
  "GLD": 0.03708834940636979,
  "SCHP": 0.10535170119969145,
  "BIL": 0.11507933795717264,
  "BND": 0.10415421456917516
}