{
  "portfolio_type": "Risk Budget by Asset-Class Portfolio",
  "status": "OK",
  "solver_status": "OK",
  "max_budget_deviation": 6.891351267857004e-06,
  "risk_budget_tracking_error": 6.647547668051076e-11,
  "metrics_10y": {
    "window_months": 120,
    "cagr": 0.07316446704434587,
    "vol_annual": 0.07948622632566443,
    "sharpe": 0.6466844069431532,
    "sortino": 0.9997326144543738,
    "beta_portfolio": 0.3993412506626282,
    "treynor": 0.1287182404679437,
    "max_drawdown": -0.18685987649251,
    "ttr_months": 31.0,
    "recovered": true
  },
  "stress_status": "DIAG_PASS_WITH_WARNING",
  "stress_fail_reason": null,
  "portfolio_valid": true
}