{
  "SPY": 0.09703563895429092,
  "QQQ": 0.0827010110018902,
  "GLD": 0.077445949499924,
  "SLV": 0.04571449784755612,
  "BND": 0.24215740310973446,
  "SCHD": 0.09630642176610099,
  "SCHP": 0.22760400916402868,
  "TLT": 0.1310350686564747
}