{
  "VOO": 1.799924345331802e-15,
  "QQQ": 0.999999999999998,
  "GLD": 2.097311083002701e-16,
  "SLV": 0.0,
  "BND": 0.0,
  "SCHD": 0.0,
  "SCHP": 0.0,
  "TLT": 0.0
}