{
  "SPY": 8.756071738512672e-17,
  "QQQ": 0.6231063274327948,
  "GLD": 0.3768936725672049,
  "SLV": 1.5355266848686888e-16,
  "BND": 5.388296848370166e-17,
  "SCHD": 0.0,
  "SCHP": 8.975903448892786e-17,
  "TLT": 0.0
}