{
  "optimizer_name": "robust_mean_variance_constrained",
  "solver": "SLSQP",
  "objective_minimize": "minimize lambda * w' Sigma w - mu' w on monthly shrunk Sigma and James–Stein shrunk mu",
  "robust_mv_lambda": 0.0,
  "mu_shrinkage_method": "james_stein",
  "covariance_method": "ledoit_wolf",
  "covariance_shrinkage_sklearn": 0.014518558531445578,
  "shrinkage_applied": 0.014518558531445578,
  "psd_status": "psd",
  "psd_repair_used": false,
  "window_months": 120,
  "eligible_universe": [
    "VOO",
    "QQQ",
    "GLD",
    "SLV",
    "BND",
    "SCHD",
    "SCHP",
    "TLT"
  ],
  "raw_mu": {
    "VOO": 0.0006399,
    "QQQ": 0.00088559,
    "GLD": 0.00055133,
    "SLV": 0.00079087,
    "BND": 7.451e-05,
    "SCHD": 0.00053052,
    "SCHP": 0.00011461,
    "TLT": -1.109e-05
  },
  "shrunk_mu": {
    "VOO": 0.00056697,
    "QQQ": 0.00071976,
    "GLD": 0.00051189,
    "SLV": 0.00066085,
    "BND": 0.00021537,
    "SCHD": 0.00049895,
    "SCHP": 0.00024031,
    "TLT": 0.00016214
  },
  "shrinkage_target": 0.00044702889010366886,
  "shrinkage_intensity": 0.3781305357801914,
  "bounds_used": {
    "VOO": {
      "min": 0.01,
      "max": 0.25
    },
    "QQQ": {
      "min": 0.01,
      "max": 0.25
    },
    "GLD": {
      "min": 0.01,
      "max": 0.25
    },
    "SLV": {
      "min": 0.01,
      "max": 0.25
    },
    "BND": {
      "min": 0.01,
      "max": 0.25
    },
    "SCHD": {
      "min": 0.01,
      "max": 0.25
    },
    "SCHP": {
      "min": 0.01,
      "max": 0.25
    },
    "TLT": {
      "min": 0.01,
      "max": 0.25
    }
  },
  "constraint_summary": "equality: sum(weights)=1; box bounds from feasibility cap, config min/max per name, Young-ETF per-ticker caps when dual policy enabled",
  "solver_status": 0,
  "solver_success": true,
  "solver_message": "Optimization terminated successfully",
  "objective_value": -0.000604454780890359,
  "max_weight": 0.2499999999999999,
  "min_weight": 0.01,
  "concentration_metrics": {
    "hhi": 0.2124336478538657,
    "effective_n": 4.707352201982172,
    "top1_share": 0.2499999999999999,
    "top3_share": 0.7499999999999996
  },
  "final_weights": {
    "QQQ": 0.2499999999999999,
    "VOO": 0.24999999999999983,
    "SLV": 0.24999999999999978,
    "GLD": 0.12472494234056372,
    "SCHD": 0.09527505765943682,
    "BND": 0.01,
    "SCHP": 0.01,
    "TLT": 0.01
  },
  "portfolio_variance": 0.00010248911826188734,
  "annualized_volatility": 0.03506949413867625
}