{
  "SPY": 0.25000000000000006,
  "QQQ": 0.25000000000000006,
  "GLD": 0.25000000000000006,
  "SLV": 0.06317097914753768,
  "BND": 0.010000000000000068,
  "SCHD": 0.15682902085246184,
  "SCHP": 0.010000000000000186,
  "TLT": 0.010000000000000045
}