{
  "VOO": 0.24999999999999983,
  "QQQ": 0.2499999999999999,
  "GLD": 0.12472494234056372,
  "SLV": 0.24999999999999978,
  "BND": 0.01,
  "SCHD": 0.09527505765943682,
  "SCHP": 0.01,
  "TLT": 0.01
}