{
  "VOO": 0.12500000000000036,
  "QQQ": 0.12448225816616977,
  "GLD": 0.12499999999999953,
  "SLV": 0.009999999999999993,
  "BND": 0.1808549794782749,
  "SCHD": 0.12499999999999997,
  "SCHP": 0.18466276235555507,
  "TLT": 0.12500000000000028
}