{
  "SPY": 0.01000000000000001,
  "QQQ": 0.01000000000000001,
  "GLD": 0.2500000000000003,
  "SLV": 0.01000000000000001,
  "BND": 0.2500000000000003,
  "SCHD": 0.19276222283092076,
  "SCHP": 0.2500000000000003,
  "TLT": 0.027237777169078412
}