{
  "VOO": 0.01,
  "QQQ": 0.01,
  "GLD": 0.13991111405406328,
  "SLV": 0.01,
  "BND": 0.25,
  "SCHD": 0.18383288955988478,
  "SCHP": 0.25,
  "TLT": 0.14625599638605188
}