{
  "optimizer_name": "hierarchical_risk_parity",
  "covariance_method": "young_etf_dual:dual_core_median_anchor",
  "shrinkage_used": false,
  "psd_repair_used": false,
  "young_etf_dual_mode": "dual_core_median_anchor",
  "eligible_universe": [
    "SPY",
    "QQQ",
    "GLD",
    "SLV",
    "BND",
    "SCHD",
    "SCHP",
    "TLT"
  ],
  "final_weights": {
    "SCHP": 0.4220761596678713,
    "BND": 0.37295491474015663,
    "TLT": 0.05407786493266888,
    "GLD": 0.04616096272646712,
    "SCHD": 0.03211389337040758,
    "SPY": 0.031074911813458554,
    "QQQ": 0.029992842061134353,
    "SLV": 0.011548450687835572
  },
  "portfolio_variance": 0.0002847071500127006,
  "annualized_volatility": 0.05845071257181051,
  "hrp_linkage_method": "ward",
  "hrp_linkage_fallback_from_ward": false,
  "hrp_distance": "sqrt(0.5*(1-rho))",
  "hrp_seriation_indices": [
    5,
    0,
    1,
    6,
    4,
    7,
    2,
    3
  ],
  "hrp_weights_sum": 1.0
}