{
  "SPY": 0.031074911813458554,
  "QQQ": 0.029992842061134353,
  "GLD": 0.04616096272646712,
  "SLV": 0.011548450687835572,
  "BND": 0.37295491474015663,
  "SCHD": 0.03211389337040758,
  "SCHP": 0.4220761596678713,
  "TLT": 0.05407786493266888
}