{
  "VOO": 0.028487144308760017,
  "QQQ": 0.03195236595508884,
  "GLD": 0.06234746310437226,
  "SLV": 0.01422003742558758,
  "BND": 0.33159904648481825,
  "SCHD": 0.03307195355939383,
  "SCHP": 0.4528019757068464,
  "TLT": 0.045520013455132874
}