{
  "VOO": 0.12500000000000025,
  "QQQ": 0.12448225882700316,
  "GLD": 0.12500000000000006,
  "SLV": 0.010000000000000002,
  "BND": 0.18070011548369824,
  "SCHD": 0.12499999999999972,
  "SCHP": 0.1848176256892986,
  "TLT": 0.12500000000000008
}