{
  "VOO": 0.17668470535575992,
  "QQQ": 0.25,
  "GLD": 0.24999999999999997,
  "SLV": 0.11538120239104326,
  "BND": 0.010000000000000042,
  "SCHD": 0.15577108760638983,
  "SCHP": 0.03216300464680701,
  "TLT": 0.010000000000000002
}