{
  "SPY": 5.723401624597306e-17,
  "QQQ": 0.14719662210262177,
  "GLD": 0.19130554667141147,
  "SLV": 0.07310134496639989,
  "BND": 2.158239949603957e-18,
  "SCHD": 0.26335849912355563,
  "SCHP": 0.0,
  "TLT": 0.3250379871360111
}