{
  "VOO": 0.0,
  "QQQ": 0.10403943926015194,
  "GLD": 0.13188369352415863,
  "SLV": 0.06514418893759054,
  "BND": 4.499947235583196e-17,
  "SCHD": 0.28890479744510617,
  "SCHP": 2.841287318269825e-17,
  "TLT": 0.41002788083299274
}