{
  "VOO": 0.12500000000000017,
  "QQQ": 0.12448215610850176,
  "GLD": 0.12499999999999994,
  "SLV": 0.01,
  "BND": 0.1823370572964186,
  "SCHD": 0.125,
  "SCHP": 0.18318078659507953,
  "TLT": 0.12500000000000006
}