{
  "portfolio_type": "Equal-Weight Portfolio",
  "status": "OK",
  "metrics_10y": {
    "window_months": 120,
    "cagr": 0.15198392852226195,
    "vol_annual": 0.12976668049857915,
    "sharpe": 0.9914543735709994,
    "sortino": 1.6765226233328308,
    "beta_portfolio": 0.7781133440485497,
    "treynor": 0.16534576088195105,
    "max_drawdown": -0.20938335564086907,
    "ttr_months": NaN,
    "recovered": false
  },
  "stress_status": "FAIL_STRESS",
  "stress_fail_reason": "FAIL_ROLE_EQUITY_SHOCK",
  "portfolio_valid": true
}