{
  "VOO": 0.05263157894736842,
  "VT": 0.05263157894736842,
  "QQQ": 0.05263157894736842,
  "SMH": 0.05263157894736842,
  "VGK": 0.05263157894736842,
  "BBJP": 0.05263157894736842,
  "VWO": 0.05263157894736842,
  "VDC": 0.05263157894736842,
  "ITA": 0.05263157894736842,
  "CIBR": 0.05263157894736842,
  "ROBO": 0.05263157894736842,
  "SCHD": 0.05263157894736842,
  "COPX": 0.05263157894736842,
  "URA": 0.05263157894736842,
  "SLV": 0.05263157894736842,
  "GLD": 0.05263157894736842,
  "SCHP": 0.05263157894736842,
  "BIL": 0.05263157894736842,
  "BND": 0.05263157894736842
}